{"stats":{"minecraft:picked_up":{"minecraft:ladder":4,"minecraft:oak_door":4,"minecraft:apple":1,"minecraft:beetroot_seeds":1,"minecraft:torch":18,"minecraft:wheat_seeds":16,"minecraft:dandelion":2,"minecraft:potato":4,"minecraft:oak_stairs":20,"minecraft:bell":1,"minecraft:oak_log":23,"minecraft:yellow_bed":1,"minecraft:carrot":5,"minecraft:oak_planks":4,"minecraft:mossy_cobblestone":1,"minecraft:dirt":2,"minecraft:cobblestone":22},"minecraft:custom":{"minecraft:time_since_rest":79923,"minecraft:crouch_one_cm":311,"minecraft:play_time":79923,"minecraft:sprint_one_cm":5300,"minecraft:walk_one_cm":38598,"minecraft:sneak_time":1080,"minecraft:walk_under_water_one_cm":55,"minecraft:mob_kills":1,"minecraft:jump":83,"minecraft:damage_dealt":10,"minecraft:time_since_death":79923,"minecraft:walk_on_water_one_cm":412,"minecraft:total_world_time":79923,"minecraft:talked_to_villager":1,"minecraft:fall_one_cm":627,"minecraft:fly_one_cm":361583},"minecraft:used":{"minecraft:flint_and_steel":84,"minecraft:tnt":11,"minecraft:grass_block":211},"minecraft:killed":{"minecraft:villager":1}},"DataVersion":3465}