{"stats":{"minecraft:picked_up":{"minecraft:ladder":4,"minecraft:torch":1},"minecraft:custom":{"minecraft:jump":59,"minecraft:time_since_rest":13923,"minecraft:crouch_one_cm":115,"minecraft:sprint_one_cm":4897,"minecraft:play_time":13923,"minecraft:walk_on_water_one_cm":294,"minecraft:time_since_death":13923,"minecraft:walk_one_cm":7207,"minecraft:sneak_time":836,"minecraft:total_world_time":13923,"minecraft:fall_one_cm":627,"minecraft:fly_one_cm":304378},"minecraft:used":{"minecraft:grass_block":79}},"DataVersion":3465}